Ref,Val,Package,PosX,PosY,Rot,Side
"C112","100nF 25V","C_0201_0603Metric-minimized",-3.975575,-30.393894,0.000000,bottom
"C301","10uF 10V","C_0402_1005Metric-minimized",-7.260208,-30.990074,90.000000,bottom
"C302","100nF 25V","C_0201_0603Metric-minimized",-6.388424,-31.112584,90.000000,bottom
"C303","6pF 50V","C_0201_0603Metric-minimized",-11.884951,-30.892147,-90.000000,bottom
"C304","6pF 50V","C_0201_0603Metric-minimized",-8.779672,-30.646024,90.000000,bottom
"C305","100nF 25V","C_0201_0603Metric-minimized",-1.804559,-25.624608,90.000000,bottom
"C306","100nF 25V","C_0201_0603Metric-minimized",-5.804712,-25.557235,90.000000,bottom
"C307","10uF 10V","C_0402_1005Metric-minimized",-3.590011,-33.308915,0.000000,bottom
"C308","10uF 10V","C_0402_1005Metric-minimized",-6.510208,-27.407574,-90.000000,bottom
"C309","100nF 25V","C_0201_0603Metric-minimized",-4.308748,-25.615177,90.000000,bottom
"C310","100nF 25V","C_0201_0603Metric-minimized",-7.179845,-27.125927,-90.000000,bottom
"C311","4u7F 6V3","C_0201_0603Metric-minimized",-2.304559,-32.239735,-90.000000,bottom
"C312","100nF 25V","C_0201_0603Metric-minimized",-4.471189,-26.431395,180.000000,bottom
"C313","100nF 25V","C_0201_0603Metric-minimized",-1.304559,-32.239735,-90.000000,bottom
"C314","100nF 25V","C_0201_0603Metric-minimized",-3.671368,-32.536011,0.000000,bottom
"C315","100nF 25V","C_0201_0603Metric-minimized",-5.804559,-32.189608,-90.000000,bottom
"C316","4u7F 6V3","C_0201_0603Metric-minimized",-5.305730,-25.575634,90.000000,bottom
"C317","100nF 25V","C_0201_0603Metric-minimized",-1.054712,-29.907235,180.000000,bottom
"C318","100nF 25V","C_0201_0603Metric-minimized",-7.105594,-28.907710,180.000000,bottom
"C319","100nF 25V","C_0201_0603Metric-minimized",-3.810658,-25.615177,90.000000,bottom
"C320","100nF 25V","C_0201_0603Metric-minimized",-5.804559,-29.099608,-90.000000,bottom
"C321","4u7F 6V3","C_0201_0603Metric-minimized",-1.804559,-32.239735,-90.000000,bottom
"C322","100nF 25V","C_0201_0603Metric-minimized",-3.308595,-25.615050,90.000000,bottom
"C323","100nF 25V","C_0201_0603Metric-minimized",-0.485474,-27.895897,0.000000,bottom
"C324","100nF 25V","C_0201_0603Metric-minimized",-0.458506,-27.379090,0.000000,bottom
"C325","100pF 50V","C_0201_0603Metric-minimized",-2.804712,-32.239735,-90.000000,bottom
"C416","1uF 50V","C_0402_1005Metric-minimized",39.698993,7.395694,-90.000000,bottom
"C417","1uF 50V","C_0402_1005Metric-minimized",39.706230,14.139113,90.000000,bottom
"C710","100nF 25V","C_0201_0603Metric-minimized",16.559952,-34.852500,-90.000000,bottom
"C711","1nF 2kV","C_1206_3216Metric-minimized",24.880707,-40.239007,180.000000,bottom
"C901","1uF 10V","C_0402_1005Metric-minimized",-3.310208,-40.380952,180.000000,bottom
"C902","100nF 50V","C_0402_1005Metric-minimized",-3.304865,-39.530740,180.000000,bottom
"C903","100nF 50V","C_0402_1005Metric-minimized",-1.804865,-36.030740,90.000000,bottom
"C904","100nF 50V","C_0402_1005Metric-minimized",-4.886888,-36.995046,-90.000000,bottom
"C1003","4u7F 100V","C_1206_3216Metric-minimized",-4.085651,42.249498,0.000000,bottom
"C1004","100nF 100V","C_0402_1005Metric-minimized",-5.636056,40.702078,0.000000,bottom
"C1005","100nF 100V","C_0402_1005Metric-minimized",-5.636056,38.751358,0.000000,bottom
"C1401","100nF 50V","C_0402_1005Metric-minimized",-40.696184,-24.723432,0.000000,bottom
"C1402","100nF 50V","C_0402_1005Metric-minimized",-36.996184,-22.223432,90.000000,bottom
"NT1501","Net Tie","NetTie-2_SMD_Pad_3.88mm_wide",-19.282315,48.132595,180.000000,bottom
"R103","10k","R_0201_0603Metric-minimized",-4.739487,-33.024294,90.000000,bottom
"R301","10R","R_0402_1005Metric-minimized",-8.075704,-31.807574,90.000000,bottom
"R302","10k","R_0201_0603Metric-minimized",-4.484106,-27.429890,0.000000,bottom
"R303","10k","R_0402_1005Metric-minimized",-3.383111,-23.058806,90.000000,bottom
"R304","10k","R_0402_1005Metric-minimized",1.309989,-30.108915,180.000000,bottom
"R305","10k","R_0402_1005Metric-minimized",-2.363340,-21.768299,90.000000,bottom
"R306","10k","R_0402_1005Metric-minimized",1.309989,-31.029112,180.000000,bottom
"R501","10k","R_0402_1005Metric-minimized",0.919114,58.463091,90.000000,bottom
"R502","10k","R_0402_1005Metric-minimized",0.919114,60.663091,90.000000,bottom
"R503","10k","R_0402_1005Metric-minimized",-0.080886,58.463091,90.000000,bottom
"R504","10k","R_0402_1005Metric-minimized",-0.080886,60.663091,90.000000,bottom
"R505","10k","R_0402_1005Metric-minimized",-1.080886,58.463091,90.000000,bottom
"R506","10k","R_0402_1005Metric-minimized",-1.080886,60.663091,90.000000,bottom
"R710","1M","R_0402_1005Metric-minimized",25.930707,-38.315738,180.000000,bottom
"R711","75R","R_0402_1005Metric-minimized",26.659975,-28.210000,0.000000,bottom
"R712","75R","R_0402_1005Metric-minimized",26.643688,-34.560000,0.000000,bottom
"R1003","10k","R_0201_0603Metric-minimized",-20.049545,39.661382,180.000000,bottom
"R1015","2k","R_0402_1005Metric-minimized",-12.324171,39.829917,-90.000000,bottom
"R1016","10k","R_0402_1005Metric-minimized",-7.584545,41.352282,180.000000,bottom
"R1017","10k","R_0402_1005Metric-minimized",-7.584545,38.101082,0.000000,bottom
"R1401","100R","R_0402_1005Metric-minimized",-37.796184,-24.673432,180.000000,bottom
"R1402","1k","R_0402_1005Metric-minimized",-42.550010,-22.293681,90.000000,bottom
"TP301","TP_ROUND_TH_300um","TP_ROUND_SMT_300um",-1.304712,-26.407235,0.000000,bottom
"TP302","TP_ROUND_TH_300um","TP_ROUND_SMT_300um",-1.804712,-26.907235,0.000000,bottom
"TP303","TP_ROUND_TH_300um","TP_ROUND_SMT_300um",-1.304712,-25.907235,0.000000,bottom
"TP304","TP_ROUND_TH_300um","TP_ROUND_SMT_300um",-5.304712,-26.907235,0.000000,bottom
"TP305","TP_ROUND_TH_300um","TP_ROUND_SMT_300um",-5.804712,-26.407235,0.000000,bottom
"TP306","TP_ROUND_TH_300um","TP_ROUND_SMT_300um",-6.304712,-25.907235,0.000000,bottom
"TP307","TP_ROUND_TH_300um","TP_ROUND_SMT_300um",-5.300208,-27.909381,-90.000000,bottom
"TP308","TP_ROUND_TH_300um","TP_ROUND_SMT_300um",-5.304712,-29.909608,0.000000,bottom
"TP309","TP_ROUND_TH_300um","TP_ROUND_SMT_300um",-6.310208,-31.907574,0.000000,bottom
"TP310","TP_ROUND_TH_300um","TP_ROUND_SMT_300um",-6.810208,-31.907574,0.000000,bottom
"TP311","TP_ROUND_TH_300um","TP_ROUND_SMT_300um",-5.304712,-30.907235,0.000000,bottom
"TP312","TP_ROUND_TH_300um","TP_ROUND_SMT_300um",-0.804712,-31.907235,0.000000,bottom
"TP313","TP_ROUND_TH_300um","TP_ROUND_SMT_300um",-1.804712,-30.907108,0.000000,bottom
"TP314","TP_ROUND_TH_300um","TP_ROUND_SMT_300um",-1.304712,-31.407235,0.000000,bottom
"TP315","TP_ROUND_TH_300um","TP_ROUND_SMT_300um",-0.804559,-31.409608,180.000000,bottom
"TP316","TP_ROUND_TH_300um","TP_ROUND_SMT_300um",-0.804559,-30.907108,180.000000,bottom
"TP317","TP_ROUND_TH_300um","TP_ROUND_SMT_300um",-1.304559,-30.907108,180.000000,bottom
"TP318","TP_ROUND_TH_300um","TP_ROUND_SMT_300um",-0.804712,-29.407235,0.000000,bottom
"TP319","TP_ROUND_TH_300um","TP_ROUND_SMT_300um",-2.804712,-28.907235,0.000000,bottom
"TP320","TP_ROUND_TH_300um","TP_ROUND_SMT_300um",-3.804712,-28.907235,0.000000,bottom
"TP321","TP_ROUND_TH_300um","TP_ROUND_SMT_300um",-6.804559,-28.404608,180.000000,bottom
"TP322","TP_ROUND_TH_300um","TP_ROUND_SMT_300um",-5.304712,-28.907235,0.000000,bottom
"TP323","TP_ROUND_TH_300um","TP_ROUND_SMT_300um",-6.304712,-28.908895,0.000000,bottom
"TP324","TP_ROUND_TH_300um","TP_ROUND_SMT_300um",-5.304712,-29.414608,0.000000,bottom
"TP325","TP_ROUND_TH_300um","TP_ROUND_SMT_300um",-4.304559,-29.907108,180.000000,bottom
"TP326","TP_ROUND_TH_300um","TP_ROUND_SMT_300um",-4.304559,-30.407108,180.000000,bottom
"TP327","TP_ROUND_TH_300um","TP_ROUND_SMT_300um",-3.804712,-29.407235,0.000000,bottom
"TP328","TP_ROUND_TH_300um","TP_ROUND_SMT_300um",-5.810208,-29.407574,180.000000,bottom
"TP329","TP_ROUND_TH_300um","TP_ROUND_SMT_300um",-4.804559,-26.409608,180.000000,bottom
"TP330","TP_ROUND_TH_300um","TP_ROUND_SMT_300um",-4.810208,-29.407574,180.000000,bottom
"TP331","TP_ROUND_TH_300um","TP_ROUND_SMT_300um",-5.804559,-30.909608,180.000000,bottom
"TP332","TP_ROUND_TH_300um","TP_ROUND_SMT_300um",-5.304712,-30.407235,0.000000,bottom
"TP333","TP_ROUND_TH_300um","TP_ROUND_SMT_300um",-5.304712,-31.407235,180.000000,bottom
"TP334","TP_ROUND_TH_300um","TP_ROUND_SMT_300um",-4.804712,-29.907235,0.000000,bottom
"TP335","TP_ROUND_TH_300um","TP_ROUND_SMT_300um",-5.304559,-31.907108,0.000000,bottom
"TP336","TP_ROUND_TH_300um","TP_ROUND_SMT_300um",-4.804559,-30.409608,180.000000,bottom
"TP337","TP_ROUND_TH_300um","TP_ROUND_SMT_300um",-0.804559,-28.404608,180.000000,bottom
"TP338","TP_ROUND_TH_300um","TP_ROUND_SMT_300um",-1.804559,-27.907108,180.000000,bottom
"TP339","TP_ROUND_TH_300um","TP_ROUND_SMT_300um",-1.305208,-27.407574,180.000000,bottom
"TP340","TP_ROUND_TH_300um","TP_ROUND_SMT_300um",-2.304559,-26.907108,180.000000,bottom
"TP341","TP_ROUND_TH_300um","TP_ROUND_SMT_300um",-4.304712,-31.907235,0.000000,bottom
"TP342","TP_ROUND_TH_300um","TP_ROUND_SMT_300um",-4.304712,-27.907235,0.000000,bottom
"TP343","TP_ROUND_TH_300um","TP_ROUND_SMT_300um",-4.804712,-28.407235,0.000000,bottom
"TP344","TP_ROUND_TH_300um","TP_ROUND_SMT_300um",-4.804712,-27.907235,0.000000,bottom
"TP345","TP_ROUND_TH_300um","TP_ROUND_SMT_300um",-2.804559,-30.409608,180.000000,bottom
"TP346","TP_ROUND_TH_300um","TP_ROUND_SMT_300um",-2.304559,-30.907108,180.000000,bottom
"TP347","TP_ROUND_TH_300um","TP_ROUND_SMT_300um",-1.804559,-30.409608,180.000000,bottom
"TP348","TP_ROUND_TH_300um","TP_ROUND_SMT_300um",-2.304559,-29.407108,180.000000,bottom
"TP349","TP_ROUND_TH_300um","TP_ROUND_SMT_300um",-6.304559,-29.904608,180.000000,bottom
"TP350","TP_ROUND_TH_300um","TP_ROUND_SMT_300um",-5.804559,-29.909608,180.000000,bottom
"TP351","TP_ROUND_TH_300um","TP_ROUND_SMT_300um",-4.804712,-30.907235,180.000000,bottom
"TP352","TP_ROUND_TH_300um","TP_ROUND_SMT_300um",-4.804559,-31.404608,180.000000,bottom
"TP353","TP_ROUND_TH_300um","TP_ROUND_SMT_300um",-1.304559,-28.409608,180.000000,bottom
"TP354","TP_ROUND_TH_300um","TP_ROUND_SMT_300um",-2.804712,-26.907235,0.000000,bottom
"TP355","TP_ROUND_TH_300um","TP_ROUND_SMT_300um",-2.804712,-26.407235,0.000000,bottom
"TP356","TP_ROUND_TH_300um","TP_ROUND_SMT_300um",-3.304712,-27.907108,0.000000,bottom
"TP357","TP_ROUND_TH_300um","TP_ROUND_SMT_300um",-3.304712,-26.907235,0.000000,bottom
"TP358","TP_ROUND_TH_300um","TP_ROUND_SMT_300um",-3.304712,-27.407235,0.000000,bottom
"TP359","TP_ROUND_TH_300um","TP_ROUND_SMT_300um",-1.804559,-29.407108,-90.000000,bottom
"TP360","TP_ROUND_TH_300um","TP_ROUND_SMT_300um",-1.304559,-29.407108,-90.000000,bottom
"TP361","TP_ROUND_TH_300um","TP_ROUND_SMT_300um",-2.304559,-28.907108,90.000000,bottom
"TP362","TP_ROUND_TH_300um","TP_ROUND_SMT_300um",-5.804712,-26.907235,0.000000,bottom
"TP363","TP_ROUND_TH_300um","TP_ROUND_SMT_300um",-3.304712,-29.907235,0.000000,bottom
"TP364","TP_ROUND_TH_300um","TP_ROUND_SMT_300um",-3.304712,-31.907235,0.000000,bottom
"TP365","TP_ROUND_TH_300um","TP_ROUND_SMT_300um",-3.304712,-30.907235,0.000000,bottom
"TP366","TP_ROUND_TH_300um","TP_ROUND_SMT_300um",-3.304712,-31.407235,0.000000,bottom
"TP367","TP_ROUND_TH_300um","TP_ROUND_SMT_300um",-2.804712,-31.407235,0.000000,bottom
"TP368","TP_ROUND_TH_300um","TP_ROUND_SMT_300um",-4.304559,-26.907108,0.000000,bottom
"TP369","TP_ROUND_TH_300um","TP_ROUND_SMT_300um",-2.804559,-29.407108,0.000000,bottom
"TP370","TP_ROUND_TH_300um","TP_ROUND_SMT_300um",-2.804559,-27.907108,0.000000,bottom
"U1401","SIT1042A","VSON-8-1EP_3x3mm_P0.65mm_EP1.65x2.4mm",-39.646184,-22.298432,180.000000,bottom
"X301","25MHz 8pF","Crystal_SMD_2016-4Pin_2.0x1.6mm",-10.334951,-30.892147,0.000000,bottom
"C101","100nF 50V","C_0402_1005Metric-minimized",36.900008,45.906739,0.000000,top
"C102","2u2F 100V","C_0805_2012Metric-minimized",-3.973160,-56.842624,-90.000000,top
"C103","100nF 50V","C_0402_1005Metric-minimized",-37.540008,45.466731,-90.000000,top
"C104","10uF 100V","C_1210_3225Metric",1.926840,-57.242624,180.000000,top
"C105","2u2F 100V","C_0805_2012Metric-minimized",-5.573160,-56.842624,-90.000000,top
"C106","100nF 50V","C_0402_1005Metric-minimized",-41.490011,-50.408915,-90.000000,top
"C107","220nF 100V","C_0603_1608Metric-minimized",-1.073160,-56.642624,-90.000000,top
"C108","100nF 50V","C_0402_1005Metric-minimized",41.700007,-50.400000,-90.000000,top
"C109","220nF 100V","C_0603_1608Metric-minimized",-2.323160,-56.642624,-90.000000,top
"C110","100nF 25V","C_0201_0603Metric-minimized",10.671242,-13.870769,0.000000,top
"C111","1uF 50V","C_0402_1005Metric-minimized",10.753742,-13.220769,180.000000,top
"C201","100nF 25V","C_0201_0603Metric-minimized",-11.133611,-27.845531,90.000000,top
"C202","100nF 25V","C_0201_0603Metric-minimized",-27.571178,-49.883859,-90.000000,top
"C203","22uF 25V","C_0805_2012Metric-minimized",37.259992,-5.982665,0.000000,top
"C204","10uF 16V","C_0603_1608Metric-minimized",44.127324,-1.073684,90.000000,top
"C205","10uF 16V","C_0603_1608Metric-minimized",36.461731,-1.085864,90.000000,top
"C206","10uF 16V","C_0603_1608Metric-minimized",37.759580,-1.054702,90.000000,top
"C207","10uF 16V","C_0603_1608Metric-minimized",30.120850,-1.071773,90.000000,top
"C208","220uF 10V","CAP-Electrolytic_SMD_D6.3-L6.6-W6.6-LS7.4-FD",-15.806808,-45.263885,-90.000000,top
"C209","220uF 10V","CAP-Electrolytic_SMD_D6.3-L6.6-W6.6-LS7.4-FD",-7.706808,-45.263885,-90.000000,top
"C210","220uF 10V","CAP-Electrolytic_SMD_D6.3-L6.6-W6.6-LS7.4-FD",0.393192,-45.263885,-90.000000,top
"C211","220uF 10V","CAP-Electrolytic_SMD_D6.3-L6.6-W6.6-LS7.4-FD",8.493192,-45.263885,-90.000000,top
"C212","220uF 10V","CAP-Electrolytic_SMD_D6.3-L6.6-W6.6-LS7.4-FD",16.593192,-45.263885,-90.000000,top
"C401","100pF 50V","C_0402_1005Metric",33.508248,7.281941,0.000000,top
"C402","100pF 50V","C_0402_1005Metric",34.778248,15.829567,0.000000,top
"C403","100nF 100V","C_0402_1005Metric-minimized",31.725000,14.000000,-90.000000,top
"C404","100nF 100V","C_0402_1005Metric-minimized",22.747028,11.668042,-90.000000,top
"C405","100nF 100V","C_0402_1005Metric-minimized",27.172065,12.351309,-90.000000,top
"C406","47pF 50V","C_0402_1005Metric",25.492065,8.151309,0.000000,top
"C407","47pF 50V","C_0402_1005Metric",25.492065,15.151309,0.000000,top
"C408","10uF 10V","C_0603_1608Metric-minimized",11.061764,-5.618462,180.000000,top
"C409","1uF 10V","C_0402_1005Metric-minimized",17.791662,17.514640,0.000000,top
"C410","47nF 50V","C_0402_1005Metric-minimized",17.391662,15.464640,-90.000000,top
"C411","100nF 50V","C_0402_1005Metric-minimized",17.791662,16.664640,0.000000,top
"C412","3.9pF 50V","C_0402_1005Metric",15.788794,13.817508,0.000000,top
"C413","3.9pF 50V","C_0402_1005Metric",13.939010,13.817292,180.000000,top
"C414","1uF 10V","C_0402_1005Metric-minimized",16.707701,-0.476242,90.000000,top
"C415","100nF 50V","C_0402_1005Metric-minimized",15.809201,-0.451242,90.000000,top
"C501","1000uF 50V","CAP-Electrolytic_SMD_D16xL16.5",-38.350838,-3.541734,0.000000,top
"C502","1000uF 50V","CAP-Electrolytic_SMD_D16xL16.5",-38.340008,14.766731,0.000000,top
"C503","220uF 50V","CAP-Electrolytic_SMD_D10-L10.2-W10.3-LS10.9-FD",3.825304,59.566915,0.000000,top
"C504","100nF 25V","C_0201_0603Metric-minimized",7.834243,47.520611,90.000000,top
"C505","470nF 100V","C_0805_2012Metric-minimized",10.244980,41.355227,-90.000000,top
"C506","470nF 100V","C_0805_2012Metric-minimized",8.982760,36.605792,0.000000,top
"C601","100nF 50V","C_0402_1005Metric-minimized",18.494992,-8.674271,180.000000,top
"C602","4u7F 10V","C_0402_1005Metric-minimized",17.394992,-6.074271,90.000000,top
"C603","4u7F 10V","C_0402_1005Metric-minimized",20.101274,-12.378985,180.000000,top
"C604","100nF 50V","C_0402_1005Metric-minimized",22.701274,-11.278985,-90.000000,top
"C605","330nF 16V","C_0402_1005Metric-minimized",22.144992,-7.234271,-90.000000,top
"C606","100nF 50V","C_0402_1005Metric-minimized",26.644992,-7.334271,-90.000000,top
"C701","10uF 10V","C_0402_1005Metric-minimized",7.144992,-27.638765,180.000000,top
"C702","1uF 10V","C_0402_1005Metric-minimized",12.159653,-35.830217,90.000000,top
"C703","1uF 10V","C_0402_1005Metric-minimized",7.144992,-28.488765,180.000000,top
"C704","100nF 25V","C_0201_0603Metric-minimized",7.027492,-29.738765,180.000000,top
"C705","10nF 25V","C_0201_0603Metric-minimized",7.027492,-29.238765,180.000000,top
"C706","10nF 25V","C_0201_0603Metric-minimized",11.612286,-33.165697,0.000000,top
"C707","100nF 25V","C_0201_0603Metric-minimized",11.604543,-32.673224,0.000000,top
"C708","1uF 10V","C_0402_1005Metric-minimized",11.709992,-33.838765,0.000000,top
"C709","10uF 10V","C_0402_1005Metric-minimized",11.709653,-34.683269,0.000000,top
"C712","1nF 2kV","C_1206_3216Metric-minimized",27.555972,-24.060000,0.000000,top
"C801","2u2F 100V","C_0805_2012Metric-minimized",16.465628,-63.222382,-90.000000,top
"C802","2u2F 100V","C_0805_2012Metric-minimized",19.615628,-63.222382,-90.000000,top
"C803","2u2F 100V","C_0805_2012Metric-minimized",18.040428,-63.222382,-90.000000,top
"C804","1uF 100V","C_0805_2012Metric-minimized",9.542028,-60.083982,180.000000,top
"C805","4u7F 10V","C_0402_1005Metric-minimized",15.834828,-53.886382,0.000000,top
"C806","2u2F 10V","C_0402_1005Metric-minimized",9.465628,-58.872382,180.000000,top
"C807","100nF 100V","C_0603_1608Metric-minimized",14.465628,-62.422382,180.000000,top
"C808","220pF 100V","C_0402_1005Metric-minimized",14.363306,-63.735705,0.000000,top
"C809","100nF 100V","C_0402_1005Metric-minimized",10.608828,-54.349982,-90.000000,top
"C810","4n7F 100V","C_0402_1005Metric-minimized",9.765628,-54.242382,-90.000000,top
"C811","10uF 10V","C_0603_1608Metric-minimized",17.485628,-52.272382,-90.000000,top
"C812","10uF 10V","C_0603_1608Metric-minimized",16.215628,-52.272382,-90.000000,top
"C1001","100nF 25V","C_0201_0603Metric-minimized",-22.311445,42.026682,0.000000,top
"C1002","100nF 25V","C_0201_0603Metric-minimized",-18.174545,37.923882,90.000000,top
"C1006","100nF 100V","C_0402_1005Metric-minimized",-16.278945,43.369482,180.000000,top
"C1007","100nF 100V","C_0402_1005Metric-minimized",-16.378945,36.269482,180.000000,top
"C1101","4u7F 10V","C_0402_1005Metric-minimized",6.456719,-55.390366,180.000000,top
"C1102","4u7F 10V","C_0402_1005Metric-minimized",5.616719,-56.590366,90.000000,top
"C1201","10uF 100V","C_1210_3225Metric",-26.058791,-61.921115,0.000000,top
"C1202","4u7F 10V","C_0402_1005Metric-minimized",-22.375113,-51.386169,90.000000,top
"C1203","100nF 50V","C_0402_1005Metric-minimized",-23.664113,-48.465169,0.000000,top
"C1204","10nF 35V","C_0402_1005Metric-minimized",-27.858791,-57.021115,90.000000,top
"C1205","2n2F 50V","C_0201_0603Metric-minimized",-23.058791,-53.503615,90.000000,top
"C1206","1uF 16V","C_0201_0603Metric-minimized",-22.358791,-57.621115,-90.000000,top
"C1207","10uF 100V","C_1210_3225Metric",-25.958791,-54.421115,0.000000,top
"C1301","2u2F 10V","C_0402_1005Metric-minimized",-24.786967,-46.296097,180.000000,top
"C1302","200pF 50V","C_0402_1005Metric",-25.030000,-40.150000,0.000000,top
"C1303","10uF 35V","C_0603_1608Metric-minimized",-24.811967,-41.294345,180.000000,top
"C1501","1uF 10V","C_0402_1005Metric-minimized",-18.522714,49.467177,180.000000,top
"C1502","1uF 10V","C_0402_1005Metric-minimized",-8.663460,51.874671,0.000000,top
"C1503","100nF 100V","C_0603_1608Metric-minimized",-17.822714,56.667177,0.000000,top
"C1504","100nF 100V","C_0603_1608Metric-minimized",-9.363460,44.674671,0.000000,top
"C1505","100nF 50V","C_0402_1005Metric-minimized",-19.942587,50.987024,-90.000000,top
"C1506","100nF 50V","C_0402_1005Metric-minimized",-7.243587,50.354824,90.000000,top
"C1507","2u2F 100V","C_0805_2012Metric-minimized",-10.805587,52.882824,-90.000000,top
"C1508","2u2F 100V","C_0805_2012Metric-minimized",-14.805587,48.459024,90.000000,top
"C1509","2u2F 100V","C_0805_2012Metric-minimized",-12.380587,52.882824,-90.000000,top
"C1510","2u2F 100V","C_0805_2012Metric-minimized",-16.405587,48.459024,90.000000,top
"C1601","2u2F 10V","C_0402_1005Metric-minimized",-13.568298,-60.665899,180.000000,top
"C1602","2u2F 10V","C_0402_1005Metric-minimized",-7.268298,-58.565899,-90.000000,top
"C1603","10nF 50V","C_0402_1005Metric-minimized",-8.118298,-58.565899,-90.000000,top
"C1604","10nF 50V","C_0402_1005Metric-minimized",-13.568298,-59.815899,180.000000,top
"C1605","220nF 25V","C_0402_1005Metric-minimized",-14.222221,-58.793331,0.000000,top
"C1606","22nF 50V","C_0402_1005Metric",-14.572221,-57.513331,90.000000,top
"C1607","1uF 10V","C_0402_1005Metric-minimized",-7.172527,-56.756085,0.000000,top
"D101","10V","D_SOD-323",-4.540176,-52.892624,-90.000000,top
"D102","DEBUG","LED_0603_1608Metric",-9.963742,-25.620688,-90.000000,top
"D401","BZB84-C3V3","SOT-23",40.806230,12.689113,-90.000000,top
"D402","BZB84-C3V3","SOT-23",40.798993,8.845694,-90.000000,top
"D801","5V","LED_0603_1608Metric",6.810938,-52.540030,0.000000,top
"D1001","LBAV99W","SOT-323",-8.653598,33.866295,180.000000,top
"D1101","3V3","LED_0603_1608Metric",6.560863,-61.059446,90.000000,top
"D1201","60V 3A","SMA_L4.4-W2.6-LS5.0-RD",-31.358791,-52.021115,180.000000,top
"D1301","PMEG3010AESB","D_SOD-993-minimized",-22.825000,-41.200000,0.000000,top
"GL101","~","BR_Logo_BIG",-29.064610,-28.056382,0.000000,top
"GL102","~","JLC_Number",-21.599529,-35.348503,0.000000,top
"H101","M3_Clearance_Plated_6mm","M3_Clearance_Plated_6mm",36.500000,50.000000,0.000000,top
"H102","M3_Clearance_Plated_6mm","M3_Clearance_Plated_6mm",-37.500000,50.000000,-90.000000,top
"H103","M3_Clearance_Plated_6mm","M3_Clearance_Plated_6mm",-37.500000,-50.008915,0.000000,top
"H104","M3_Clearance_Plated_6mm","M3_Clearance_Plated_6mm",37.500000,-50.000000,-90.000000,top
"J101","PWR IN","WJ350V-3.96-2P-14-00A",-0.248160,-62.692624,0.000000,top
"J102","PGM","TE_2328702-6_1x06-1MP_P0.5mm_Horizontal",47.104718,-8.770757,90.000000,top
"J103","SYNC","BM02B-GHS-TBT",-46.315008,-35.808269,-90.000000,top
"J104","RX","HDR-SMD_20P-P2.54-V-M-R2-C10-S7.5",1.989738,7.036733,90.000000,top
"J105","TX","HDR-SMD_20P-P2.54-V-M-R2-C10-S7.5",-28.430545,39.896813,-90.000000,top
"J106","RX","PinHeader_1x02_P2.54mm_Vertical",19.362230,49.351690,90.000000,top
"J107","STEPPER","BM04B-GHS-TBT",-10.368298,-63.865899,0.000000,top
"J108","ETH","BM04B-GHS-TBT",46.459992,-16.760000,90.000000,top
"J109","TX+","PinHeader_1x02_P2.54mm_Vertical",38.286400,30.298990,0.000000,top
"J110","TX-","PinHeader_1x02_P2.54mm_Vertical",38.286400,40.458990,180.000000,top
"J111","RX+","PinHeader_1x02_P2.54mm_Vertical",34.696527,30.298990,180.000000,top
"J112","RX-","PinHeader_1x02_P2.54mm_Vertical",34.696527,40.458990,0.000000,top
"J113","ETH","RJ45-TH_RC01812",41.050000,-31.000000,-90.000000,top
"J114","XDCR","PinHeader_1x02_P2.54mm_Vertical",38.286400,36.624143,0.000000,top
"J115","XDCR","BM02B-PASS-TFT(LF)(SN)",46.652914,35.369684,90.000000,top
"J116","CAN","KF128-2.54-2P",-45.149658,-21.143373,-90.000000,top
"J403","LABEL","PinSocket_1x02_P2.54mm_Vertical",29.559248,12.917067,0.000000,top
"J404","LABEL","PinHeader_2x03_P2.54mm_Vertical_SMD",13.416551,8.903132,0.000000,top
"J501","LABEL","HDR-SMD_20P-P2.54-V-M-R2-C10-S7.5",1.989801,39.896615,-90.000000,top
"J601","LABEL","PinSocket_1x02_P2.54mm_Vertical",22.967605,-1.559257,-90.000000,top
"J1001","~","PinSocket_1x02_P2.54mm_Vertical",-16.074545,38.548882,180.000000,top
"L301","2u2H 2.7A","LMSC20120652R2MTA",-2.304712,-33.307235,180.000000,top
"L801","10uH 10A","XR1265-100M",27.190628,-57.472382,0.000000,top
"L1101","3u3H 1.8A","L_0805_2012Metric_Minimized",7.956719,-56.580366,-90.000000,top
"L1201","10uH 8A","SRP7050WA",-32.911111,-58.507784,90.000000,top
"L1301","L_AWP_252012FW-4R7M","L_1008_2520Metric",-22.136967,-43.894345,90.000000,top
"NT801","Net Tie","NetTie-2_SMD_Pad_3.88mm_wide",30.065628,-62.522382,90.000000,top
"NT1101","Net_Tie_0201","Net_Tie_0201_1608Metric",5.398438,-54.840030,90.000000,top
"NT1201","~","NetTie-2_SMD_Pad_0.5mm_long_1.5mm_wide",-23.680663,-60.910831,0.000000,top
"NT1301","Net_Tie_0201","Net_Tie_0201_1608Metric",-26.314991,-43.955619,180.000000,top
"NT1601","Net_Tie_0201","Net_Tie_0201_1608Metric",-8.958269,-58.828268,-90.000000,top
"PCB101","Unpopulated PCB","BR_NUMS",-28.000000,-31.900000,0.000000,top
"Q101","DMP6023LSS-13","SO-8_3.9x4.9mm_P1.27mm",0.309824,-52.692624,0.000000,top
"Q502","FDC3601N-TP","SOT-23-6",-3.967693,58.548525,0.000000,top
"Q503","FDC3601N-TP","SOT-23-6",-8.643608,58.598525,0.000000,top
"Q504","LBC846BPDW1T1G","SOT-363_SC-70-6",-12.555108,59.739672,90.000000,top
"Q1001","MMBT3904W","SOT-323_SC-70",-11.882761,33.866295,180.000000,top
"R101","47k","R_0201_0603Metric-minimized",-4.822676,-54.642624,180.000000,top
"R102","3k","R_0201_0603Metric-minimized",-9.963742,-28.125688,90.000000,top
"R105","1k","R_0402_1005Metric-minimized",31.109992,-38.210000,180.000000,top
"R106","1k","R_0402_1005Metric-minimized",32.114992,-25.935000,90.000000,top
"R201","47k","R_0201_0603Metric-minimized",-11.351111,-28.713031,0.000000,top
"R202","3k","R_0201_0603Metric-minimized",-11.683611,-27.845531,90.000000,top
"R203","47k","R_0201_0603Metric-minimized",-28.453678,-49.051359,180.000000,top
"R204","3k","R_0201_0603Metric-minimized",-28.171178,-49.883859,-90.000000,top
"R205","2R2","R_0402_1005Metric-minimized",35.285199,-6.414271,90.000000,top
"R206","73k2","R_0402_1005Metric-minimized",38.754353,-1.354702,90.000000,top
"R207","10k","R_0402_1005Metric-minimized",38.764353,0.255298,90.000000,top
"R208","31k6","R_0402_1005Metric-minimized",31.115623,-1.371773,90.000000,top
"R209","10k","R_0402_1005Metric-minimized",31.115623,0.228227,90.000000,top
"R401","1k","R_0402_1005Metric-minimized",38.398993,9.395694,-90.000000,top
"R402","1k","R_0402_1005Metric-minimized",38.406230,12.139113,-90.000000,top
"R403","100R","R_0402_1005Metric-minimized",31.783248,11.554567,90.000000,top
"R404","470R","R_0402_1005Metric-minimized",33.428248,6.281941,180.000000,top
"R405","470R","R_0402_1005Metric-minimized",34.698248,16.829567,180.000000,top
"R406","1k","R_0402_1005Metric-minimized",27.572065,8.151309,180.000000,top
"R407","1k","R_0402_1005Metric-minimized",27.572065,15.151309,180.000000,top
"R408","1k","R_0402_1005Metric-minimized",25.412065,7.151309,180.000000,top
"R409","1k","R_0402_1005Metric-minimized",25.412065,16.151309,180.000000,top
"R410","1R","R_0402_1005Metric-minimized",11.904438,-7.382416,90.000000,top
"R411","0R","R_0402_1005Metric",12.116662,17.174640,-90.000000,top
"R412","0R","R_0805_2012Metric",21.551311,9.741997,180.000000,top
"R413","0R","R_0805_2012Metric",21.551311,13.644247,180.000000,top
"R414","1k","R_0402_1005Metric-minimized",13.984201,3.651941,-90.000000,top
"R415","1k","R_0402_1005Metric-minimized",13.107701,3.651941,-90.000000,top
"R416","2k","R_0402_1005Metric-minimized",16.702589,1.232680,90.000000,top
"R417","2k","R_0402_1005Metric-minimized",15.802589,1.232680,90.000000,top
"R418","1k","R_0402_1005Metric-minimized",11.408325,1.277130,-90.000000,top
"R507","10R","R_0603_1608Metric",-40.865503,-14.702515,90.000000,top
"R508","10k","R_0402_1005Metric-minimized",-15.736727,57.998568,0.000000,top
"R509","20k","R_0201_0603Metric-minimized",-23.400962,41.123870,0.000000,top
"R510","2k","R_0402_1005Metric-minimized",-23.226289,38.583605,180.000000,top
"R511","10k","R_0402_1005Metric-minimized",-3.633614,60.701926,0.000000,top
"R512","100R","R_0603_1608Metric",-3.655193,56.098525,180.000000,top
"R513","100R","R_0603_1608Metric",-6.655193,56.098525,0.000000,top
"R514","100R","R_0603_1608Metric",-3.655193,54.599259,0.000000,top
"R515","100R","R_0603_1608Metric",-6.655193,54.601141,180.000000,top
"R516","100R","R_0603_1608Metric",-3.655193,53.099259,180.000000,top
"R517","100R","R_0603_1608Metric",-6.655193,53.105339,0.000000,top
"R518","10mR","R_0805_2012Metric",10.466348,44.212474,0.000000,top
"R519","10k","R_0402_1005Metric-minimized",9.094980,40.105227,90.000000,top
"R520","10k","R_0402_1005Metric-minimized",-14.486727,58.398568,-90.000000,top
"R521","10k","R_0402_1005Metric-minimized",9.094980,38.405227,-90.000000,top
"R522","10k","R_0402_1005Metric-minimized",-13.755108,61.789672,0.000000,top
"R523","10k","R_0402_1005Metric-minimized",-12.155108,61.789672,0.000000,top
"R601","0R","R_0402_1005Metric",20.311450,-8.690306,180.000000,top
"R602","0R","R_0402_1005Metric",22.761764,-9.573535,-90.000000,top
"R603","100k","R_0402_1005Metric-minimized",21.144992,-7.234271,90.000000,top
"R701","2k49","R_0402_1005Metric-minimized",4.089792,-29.807574,180.000000,top
"R702","2k49","R_0402_1005Metric-minimized",4.089792,-28.807574,180.000000,top
"R703","2k49","R_0402_1005Metric-minimized",4.089792,-26.807574,0.000000,top
"R704","2k49","R_0402_1005Metric-minimized",4.089792,-27.807574,180.000000,top
"R705","30k","R_0402_1005Metric-minimized",11.309992,-35.833269,90.000000,top
"R706","4k7","R_0402_1005Metric-minimized",9.207876,-34.133269,-90.000000,top
"R707","6k49","R_0402_1005Metric-minimized",10.759992,-27.883269,90.000000,top
"R708","2k49","R_0402_1005Metric-minimized",8.357876,-34.133269,-90.000000,top
"R709","2k49","R_0402_1005Metric-minimized",10.059992,-34.133269,-90.000000,top
"R801","20k","R_0402_1005Metric-minimized",12.850428,-53.175182,0.000000,top
"R802","10k","R_0402_1005Metric-minimized",12.865628,-52.322382,180.000000,top
"R803","51k","R_0402_1005Metric-minimized",11.370828,-55.099182,-90.000000,top
"R804","100k","R_0402_1005Metric-minimized",11.777228,-53.937182,180.000000,top
"R805","2R2","R_0402_1005Metric-minimized",11.370828,-60.077582,-90.000000,top
"R806","2R2","R_0402_1005Metric-minimized",10.608828,-58.509182,-90.000000,top
"R807","2k2","R_0402_1005Metric-minimized",12.465628,-62.217582,180.000000,top
"R808","24k9","R_0402_1005Metric-minimized",11.065628,-53.122382,0.000000,top
"R809","3k","R_0402_1005Metric-minimized",7.998438,-51.040030,180.000000,top
"R810","4k99","R_0402_1005Metric-minimized",8.865628,-54.322382,-90.000000,top
"R811","681R","R_0402_1005Metric-minimized",11.396228,-57.321782,-90.000000,top
"R1001","1M","R_0201_0603Metric-minimized",-21.428945,42.309182,-90.000000,top
"R1002","1M","R_0201_0603Metric-minimized",-20.736145,42.309182,90.000000,top
"R1004","1M","R_0201_0603Metric-minimized",-21.357045,36.823882,0.000000,top
"R1005","1M","R_0201_0603Metric-minimized",-21.357045,37.423882,180.000000,top
"R1006","10k","R_0201_0603Metric-minimized",-20.057045,37.423882,0.000000,top
"R1007","4k7","R_0402_1005Metric-minimized",-14.195261,33.216295,0.000000,top
"R1008","10k","R_0402_1005Metric-minimized",-6.540008,34.566731,-90.000000,top
"R1009","4k7","R_0402_1005Metric-minimized",-10.429948,35.583842,0.000000,top
"R1010","0R","R_0402_1005Metric",-13.833179,39.626682,90.000000,top
"R1011","1M","R_0402_1005Metric-minimized",-13.877518,41.445590,90.000000,top
"R1012","1M","R_0402_1005Metric-minimized",-13.877518,42.995590,90.000000,top
"R1013","1M","R_0402_1005Metric-minimized",-13.873847,37.237229,-90.000000,top
"R1014","1M","R_0402_1005Metric-minimized",-13.873847,35.637229,-90.000000,top
"R1101","1k3","R_0402_1005Metric-minimized",6.234981,-58.720222,-90.000000,top
"R1201","1k","R_0201_0603Metric-minimized",-22.368791,-59.303615,-90.000000,top
"R1202","0R","R_0402_1005Metric",-27.468791,-58.571115,0.000000,top
"R1203","63.4k","R_0402_1005Metric-minimized",-26.958791,-57.021115,90.000000,top
"R1204","0R","R_0402_1005Metric",-25.536662,-48.477161,0.000000,top
"R1205","36k5","R_0402_1005Metric-minimized",-23.158791,-55.021115,90.000000,top
"R1206","12k4","R_0402_1005Metric-minimized",-25.858791,-51.221115,-90.000000,top
"R1207","93k1","R_0402_1005Metric-minimized",-26.258791,-52.421115,0.000000,top
"R1208","9k1","R_0402_1005Metric-minimized",-26.708791,-51.221115,90.000000,top
"R1301","51k","R_0402_1005Metric-minimized",-26.136967,-46.794345,90.000000,top
"R1302","13.3k","R_0402_1005Metric-minimized",-26.549389,-40.894345,-90.000000,top
"R1303","105k","R_0402_1005Metric-minimized",-25.050000,-39.300000,0.000000,top
"R1501","2R2","R_0402_1005Metric-minimized",-17.722714,50.267177,0.000000,top
"R1502","2R2","R_0402_1005Metric-minimized",-18.122714,55.667177,0.000000,top
"R1503","2R2","R_0402_1005Metric-minimized",-9.463460,51.074671,0.000000,top
"R1504","2R2","R_0402_1005Metric-minimized",-9.063460,45.674671,0.000000,top
"R1505","4k7","R_0402_1005Metric-minimized",-20.842587,50.987024,-90.000000,top
"R1601","0R","R_0603_1608Metric",-12.097068,-52.518331,-90.000000,top
"R1602","0R","R_0603_1608Metric",-10.597068,-52.518331,-90.000000,top
"R1603","330k","R_0402_1005Metric-minimized",-9.072221,-53.893331,0.000000,top
"R1604","10k","R_0402_1005Metric-minimized",-7.168298,-55.865899,180.000000,top
"SH401","44-CBSA-1.0X1.5X0.4","44-CBSA-1.0X1.5X0.4",46.863431,-4.584414,180.000000,top
"T101","B65655B0010X000","B65655B0010X000",22.393478,35.651190,-135.000000,top
"T701","HR641680E","H1102FNL",22.102452,-31.385000,-90.000000,top
"TH501","10k 3380K","R_0201_0603Metric-minimized",-6.770845,35.709482,180.000000,top
"TP101","VTX","TP_SQUARE_TH_2mm",-32.878538,-35.684237,0.000000,top
"TP102","RX_SIG","TP_PROBE_TIP_WITH_GND",-8.690011,3.191085,0.000000,top
"TP103","SONAR+","TP_PROBE_TIP_WITH_GND",42.671055,28.493613,90.000000,top
"TP104","SONAR-","TP_PROBE_TIP_WITH_GND",42.671055,42.268613,90.000000,top
"TP105","TX_SIG","TP_PROBE_TIP_WITH_GND",-37.540008,41.766731,0.000000,top
"TP106","TX_EN","TP_PROBE_TIP_WITH_GND",-37.540008,34.081237,0.000000,top
"TP107","GND","TEST-TH_BD2.54-P1.4_RED",-30.000000,-39.000000,0.000000,top
"TP108","GND","TEST-TH_BD2.54-P1.4_RED",30.000000,60.000000,0.000000,top
"TP109","5V","TP_SQUARE_TH_2mm",-18.835484,-55.937390,0.000000,top
"TP110","RX_10V","TP_SQUARE_TH_2mm",41.186961,2.200000,0.000000,top
"TP111","RX_5V","TP_SQUARE_TH_2mm",33.552589,2.200000,0.000000,top
"TP112","3V3","TP_SQUARE_TH_2mm",4.734647,-38.685522,0.000000,top
"TP113","GND","TEST-TH_BD2.54-P1.4_RED",-30.000000,60.000000,0.000000,top
"TP114","GND","TEST-TH_BD2.54-P1.4_RED",-25.000000,-15.000000,0.000000,top
"TP115","TGC","TP_SQUARE_TH_2mm",20.427605,2.200000,90.000000,top
"TP116","I2C1.SCL","TP_SQUARE_TH_2mm",3.859989,-8.544630,-90.000000,top
"TP117","I2C1.SDA","TP_SQUARE_TH_2mm",2.266149,-13.544630,-90.000000,top
"TP118","I2C4.SCL","TP_SQUARE_TH_2mm",6.278742,-17.808915,0.000000,top
"TP119","I2C4.SDA","TP_SQUARE_TH_2mm",11.853742,-17.808915,180.000000,top
"TP201","11V","TP_SQUARE_TH_2mm",-12.659227,-20.328131,0.000000,top
"TP1001","SIG_IN+","TP_SQUARE_TH_2mm",-19.034042,43.614210,0.000000,top
"TP1002","SIG_IN-","TP_SQUARE_TH_2mm",-16.778945,34.644482,0.000000,top
"TP1401","CAN_TX","TP_SQUARE_TH_2mm",-23.190799,-25.211870,0.000000,top
"TP1402","CAN_RX","TP_SQUARE_TH_2mm",-34.572973,-22.985584,0.000000,top
"TP1403","CAN_STB","TP_SQUARE_TH_2mm",-28.025680,-22.491539,0.000000,top
"U101","LIS2DH12TR","LGA-12_2x2mm_P1mm",10.653742,-15.370769,90.000000,top
"U201","TPL810ADJ","SOT-25-5_L3.0-W1.8-P0.95-LS3.0-BR",41.244259,-0.824702,180.000000,top
"U202","TPL810ADJ","SOT-25-5_L3.0-W1.8-P0.95-LS3.0-BR",33.609887,-0.846131,180.000000,top
"U301","STM32H563AII3Q","UFBGA-169_7x7mm_Layout13x13_P0.5mm-minimized",-3.804559,-28.907108,0.000000,top
"U401","MD0100DK6-G","DFN-8-1EP_4x4mm_P1.0mm_EP1.45x3.4mm",42.099443,16.896185,0.000000,top
"U402","OPA1612AIDR","SOIC-8_3.9x4.9mm_P1.27mm",34.933248,11.554567,90.000000,top
"U403","THS4521IDGKR","MSOP-8_3x3mm_P0.65mm",24.997065,11.651309,-90.000000,top
"U404","AD8338ACPZ-R7","LFCSP-16-1EP_3x3mm_P0.5mm_EP1.6x1.6mm",14.868162,16.414640,-90.000000,top
"U405","WS72551E-5","SOT-23-5",13.559201,0.536258,-90.000000,top
"U501","INA296A4IDDFR","TSOT-23-8",10.465999,46.866007,180.000000,top
"U601","DAC53401DSGR","WSON-8-1EP_2x2mm_P0.5mm_EP0.9x1.6mm",19.144992,-6.624271,-90.000000,top
"U602","DAC53401DSGR","WSON-8-1EP_2x2mm_P0.5mm_EP0.9x1.6mm",20.701274,-10.628985,0.000000,top
"U603","74LVC1G66GW,125","SOT-353_SC-70-5",24.594992,-7.584271,0.000000,top
"U701","DP83825IRMQR","WQFN-24-3x3x0.8mm-DP83825i",9.757958,-30.638765,90.000000,top
"U801","MIC28517T-E/PHA","QFN-32_x6mm_P0.65mm",15.520628,-58.057382,90.000000,top
"U901","S27KL0642DPBHB023","BGA-24_6x8mm_Layout5x5_P1.0mm",-3.804712,-37.530613,90.000000,top
"U1001","SL9062D","SOT-23-8",-20.049545,39.661382,-90.000000,top
"U1002","LT1794","TSSOP-20_FE_6.4x6.4mm_EP4.95x2.74mm",-9.403945,39.726682,0.000000,top
"U1101","TPS62237DRYR","USON-6_1x1.45mm_P0.5mm",6.636718,-56.590365,180.000000,top
"U1201","DAC53401DSGR","WSON-8-1EP_2x2mm_P0.5mm_EP0.9x1.6mm",-24.134113,-50.624169,90.000000,top
"U1202","LT8364","DFN-12_L4.0-W3.0-P0.50-BL-EP",-24.578791,-58.171115,90.000000,top
"U1301","LM27313XMFX/NOPB","SOT-23-5",-25.186967,-43.906845,-90.000000,top
"U1501","EPC23104ENGRT","EPC23104",-16.305587,52.887024,0.000000,top
"U1502","EPC23104ENGRT","EPC23104",-10.880587,48.454824,180.000000,top
"U1601","DRV8426RGER","VQFN-24-1EP_4x4mm_P0.5mm_EP2.6x2.6mm-minimized",-10.872221,-57.018458,90.000000,top
