Designator,Mid X,Mid Y,Rotation,Layer
C112,-3.975575,-30.393894,180.0,bottom
C301,-7.260208,-30.990074,90.0,bottom
C302,-6.388424,-31.112584,90.0,bottom
C303,-11.884951,-30.892147,270.0,bottom
C304,-8.779672,-30.646024,90.0,bottom
C305,-1.804559,-25.624608,90.0,bottom
C306,-5.804712,-25.557235,90.0,bottom
C307,-3.590011,-33.308915,180.0,bottom
C308,-6.510208,-27.407574,270.0,bottom
C309,-4.308748,-25.615177,90.0,bottom
C310,-7.179845,-27.125927,270.0,bottom
C311,-2.304559,-32.239735,270.0,bottom
C312,-4.471189,-26.431395,0.0,bottom
C313,-1.304559,-32.239735,270.0,bottom
C314,-3.671368,-32.536011,180.0,bottom
C315,-5.804559,-32.189608,270.0,bottom
C316,-5.30573,-25.575634,90.0,bottom
C317,-1.054712,-29.907235,0.0,bottom
C318,-7.105594,-28.90771,0.0,bottom
C319,-3.810658,-25.615177,90.0,bottom
C320,-5.804559,-29.099608,270.0,bottom
C321,-1.804559,-32.239735,270.0,bottom
C322,-3.308595,-25.61505,90.0,bottom
C323,-0.485474,-27.895897,180.0,bottom
C324,-0.458506,-27.37909,180.0,bottom
C325,-2.804712,-32.239735,270.0,bottom
C416,39.698993,7.395694,270.0,bottom
C417,39.70623,14.139113,90.0,bottom
C710,16.559952,-34.8525,270.0,bottom
C711,24.880707,-40.239007,0.0,bottom
C901,-3.310208,-40.380952,0.0,bottom
C902,-3.304865,-39.53074,0.0,bottom
C903,-1.804865,-36.03074,90.0,bottom
C904,-4.886888,-36.995046,270.0,bottom
C1003,-4.085651,42.249498,180.0,bottom
C1004,-5.636056,40.702078,180.0,bottom
C1005,-5.636056,38.751358,180.0,bottom
C1401,-40.696184,-24.723432,180.0,bottom
C1402,-36.996184,-22.223432,90.0,bottom
NT1501,-19.282315,48.132595,0.0,bottom
R103,-4.739487,-33.024294,90.0,bottom
R301,-8.075704,-31.807574,90.0,bottom
R302,-4.484106,-27.42989,180.0,bottom
R303,-3.383111,-23.058806,90.0,bottom
R304,1.309989,-30.108915,0.0,bottom
R305,-2.36334,-21.768299,90.0,bottom
R306,1.309989,-31.029112,0.0,bottom
R501,0.919114,58.463091,90.0,bottom
R502,0.919114,60.663091,90.0,bottom
R503,-0.080886,58.463091,90.0,bottom
R504,-0.080886,60.663091,90.0,bottom
R505,-1.080886,58.463091,90.0,bottom
R506,-1.080886,60.663091,90.0,bottom
R710,25.930707,-38.315738,0.0,bottom
R711,26.659975,-28.21,180.0,bottom
R712,26.643688,-34.56,180.0,bottom
R1003,-20.049545,39.661382,0.0,bottom
R1015,-12.324171,39.829917,270.0,bottom
R1016,-7.584545,41.352282,0.0,bottom
R1017,-7.584545,38.101082,180.0,bottom
R1401,-37.796184,-24.673432,0.0,bottom
R1402,-42.55001,-22.293681,90.0,bottom
TP301,-1.304712,-26.407235,180.0,bottom
TP302,-1.804712,-26.907235,180.0,bottom
TP303,-1.304712,-25.907235,180.0,bottom
TP304,-5.304712,-26.907235,180.0,bottom
TP305,-5.804712,-26.407235,180.0,bottom
TP306,-6.304712,-25.907235,180.0,bottom
TP307,-5.300208,-27.909381,270.0,bottom
TP308,-5.304712,-29.909608,180.0,bottom
TP309,-6.310208,-31.907574,180.0,bottom
TP310,-6.810208,-31.907574,180.0,bottom
TP311,-5.304712,-30.907235,180.0,bottom
TP312,-0.804712,-31.907235,180.0,bottom
TP313,-1.804712,-30.907108,180.0,bottom
TP314,-1.304712,-31.407235,180.0,bottom
TP315,-0.804559,-31.409608,0.0,bottom
TP316,-0.804559,-30.907108,0.0,bottom
TP317,-1.304559,-30.907108,0.0,bottom
TP318,-0.804712,-29.407235,180.0,bottom
TP319,-2.804712,-28.907235,180.0,bottom
TP320,-3.804712,-28.907235,180.0,bottom
TP321,-6.804559,-28.404608,0.0,bottom
TP322,-5.304712,-28.907235,180.0,bottom
TP323,-6.304712,-28.908895,180.0,bottom
TP324,-5.304712,-29.414608,180.0,bottom
TP325,-4.304559,-29.907108,0.0,bottom
TP326,-4.304559,-30.407108,0.0,bottom
TP327,-3.804712,-29.407235,180.0,bottom
TP328,-5.810208,-29.407574,0.0,bottom
TP329,-4.804559,-26.409608,0.0,bottom
TP330,-4.810208,-29.407574,0.0,bottom
TP331,-5.804559,-30.909608,0.0,bottom
TP332,-5.304712,-30.407235,180.0,bottom
TP333,-5.304712,-31.407235,0.0,bottom
TP334,-4.804712,-29.907235,180.0,bottom
TP335,-5.304559,-31.907108,180.0,bottom
TP336,-4.804559,-30.409608,0.0,bottom
TP337,-0.804559,-28.404608,0.0,bottom
TP338,-1.804559,-27.907108,0.0,bottom
TP339,-1.305208,-27.407574,0.0,bottom
TP340,-2.304559,-26.907108,0.0,bottom
TP341,-4.304712,-31.907235,180.0,bottom
TP342,-4.304712,-27.907235,180.0,bottom
TP343,-4.804712,-28.407235,180.0,bottom
TP344,-4.804712,-27.907235,180.0,bottom
TP345,-2.804559,-30.409608,0.0,bottom
TP346,-2.304559,-30.907108,0.0,bottom
TP347,-1.804559,-30.409608,0.0,bottom
TP348,-2.304559,-29.407108,0.0,bottom
TP349,-6.304559,-29.904608,0.0,bottom
TP350,-5.804559,-29.909608,0.0,bottom
TP351,-4.804712,-30.907235,0.0,bottom
TP352,-4.804559,-31.404608,0.0,bottom
TP353,-1.304559,-28.409608,0.0,bottom
TP354,-2.804712,-26.907235,180.0,bottom
TP355,-2.804712,-26.407235,180.0,bottom
TP356,-3.304712,-27.907108,180.0,bottom
TP357,-3.304712,-26.907235,180.0,bottom
TP358,-3.304712,-27.407235,180.0,bottom
TP359,-1.804559,-29.407108,270.0,bottom
TP360,-1.304559,-29.407108,270.0,bottom
TP361,-2.304559,-28.907108,90.0,bottom
TP362,-5.804712,-26.907235,180.0,bottom
TP363,-3.304712,-29.907235,180.0,bottom
TP364,-3.304712,-31.907235,180.0,bottom
TP365,-3.304712,-30.907235,180.0,bottom
TP366,-3.304712,-31.407235,180.0,bottom
TP367,-2.804712,-31.407235,180.0,bottom
TP368,-4.304559,-26.907108,180.0,bottom
TP369,-2.804559,-29.407108,180.0,bottom
TP370,-2.804559,-27.907108,180.0,bottom
U1401,-39.646184,-22.298432,270.0,bottom
X301,-10.334951,-30.892147,180.0,bottom
C101,36.900008,45.906739,0.0,top
C102,-3.97316,-56.842624,270.0,top
C103,-37.540008,45.466731,270.0,top
C104,1.92684,-57.242624,180.0,top
C105,-5.57316,-56.842624,270.0,top
C106,-41.490011,-50.408915,270.0,top
C107,-1.07316,-56.642624,270.0,top
C108,41.700007,-50.4,270.0,top
C109,-2.32316,-56.642624,270.0,top
C110,10.671242,-13.870769,0.0,top
C111,10.753742,-13.220769,180.0,top
C201,-11.133611,-27.845531,90.0,top
C202,-27.571178,-49.883859,270.0,top
C203,37.259992,-5.982665,0.0,top
C204,44.127324,-1.073684,90.0,top
C205,36.461731,-1.085864,90.0,top
C206,37.75958,-1.054702,90.0,top
C207,30.12085,-1.071773,90.0,top
C208,-15.806808,-45.263885,270.0,top
C209,-7.706808,-45.263885,270.0,top
C210,0.393192,-45.263885,270.0,top
C211,8.493192,-45.263885,270.0,top
C212,16.593192,-45.263885,270.0,top
C401,33.508248,7.281941,0.0,top
C402,34.778248,15.829567,0.0,top
C403,31.725,14.0,270.0,top
C404,22.747028,11.668042,270.0,top
C405,27.172065,12.351309,270.0,top
C406,25.492065,8.151309,0.0,top
C407,25.492065,15.151309,0.0,top
C408,11.061764,-5.618462,180.0,top
C409,17.791662,17.51464,0.0,top
C410,17.391662,15.46464,270.0,top
C411,17.791662,16.66464,0.0,top
C412,15.788794,13.817508,0.0,top
C413,13.93901,13.817292,180.0,top
C414,16.707701,-0.476242,90.0,top
C415,15.809201,-0.451242,90.0,top
C501,-38.350838,-3.541734,0.0,top
C502,-38.340008,14.766731,0.0,top
C503,3.825304,59.566915,0.0,top
C504,7.834243,47.520611,90.0,top
C505,10.24498,41.355227,270.0,top
C506,8.98276,36.605792,0.0,top
C601,18.494992,-8.674271,180.0,top
C602,17.394992,-6.074271,90.0,top
C603,20.101274,-12.378985,180.0,top
C604,22.701274,-11.278985,270.0,top
C605,22.144992,-7.234271,270.0,top
C606,26.644992,-7.334271,270.0,top
C701,7.144992,-27.638765,180.0,top
C702,12.159653,-35.830217,90.0,top
C703,7.144992,-28.488765,180.0,top
C704,7.027492,-29.738765,180.0,top
C705,7.027492,-29.238765,180.0,top
C706,11.612286,-33.165697,0.0,top
C707,11.604543,-32.673224,0.0,top
C708,11.709992,-33.838765,0.0,top
C709,11.709653,-34.683269,0.0,top
C712,27.555972,-24.06,0.0,top
C801,16.465628,-63.222382,270.0,top
C802,19.615628,-63.222382,270.0,top
C803,18.040428,-63.222382,270.0,top
C804,9.542028,-60.083982,180.0,top
C805,15.834828,-53.886382,0.0,top
C806,9.465628,-58.872382,180.0,top
C807,14.465628,-62.422382,180.0,top
C808,14.363306,-63.735705,0.0,top
C809,10.608828,-54.349982,270.0,top
C810,9.765628,-54.242382,270.0,top
C811,17.485628,-52.272382,270.0,top
C812,16.215628,-52.272382,270.0,top
C1001,-22.311445,42.026682,0.0,top
C1002,-18.174545,37.923882,90.0,top
C1006,-16.278945,43.369482,180.0,top
C1007,-16.378945,36.269482,180.0,top
C1101,6.456719,-55.390366,180.0,top
C1102,5.616719,-56.590366,90.0,top
C1201,-26.058791,-61.921115,0.0,top
C1202,-22.375113,-51.386169,90.0,top
C1203,-23.664113,-48.465169,0.0,top
C1204,-27.858791,-57.021115,90.0,top
C1205,-23.058791,-53.503615,90.0,top
C1206,-22.358791,-57.621115,270.0,top
C1207,-25.958791,-54.421115,0.0,top
C1301,-24.786967,-46.296097,180.0,top
C1302,-25.03,-40.15,0.0,top
C1303,-24.811967,-41.294345,180.0,top
C1501,-18.522714,49.467177,180.0,top
C1502,-8.66346,51.874671,0.0,top
C1503,-17.822714,56.667177,0.0,top
C1504,-9.36346,44.674671,0.0,top
C1505,-19.942587,50.987024,270.0,top
C1506,-7.243587,50.354824,90.0,top
C1507,-10.805587,52.882824,270.0,top
C1508,-14.805587,48.459024,90.0,top
C1509,-12.380587,52.882824,270.0,top
C1510,-16.405587,48.459024,90.0,top
C1601,-13.568298,-60.665899,180.0,top
C1602,-7.268298,-58.565899,270.0,top
C1603,-8.118298,-58.565899,270.0,top
C1604,-13.568298,-59.815899,180.0,top
C1605,-14.222221,-58.793331,0.0,top
C1606,-14.572221,-57.513331,90.0,top
C1607,-7.172527,-56.756085,0.0,top
D101,-4.540176,-52.892624,270.0,top
D102,-9.963742,-25.620688,270.0,top
D401,40.80623,12.689113,270.0,top
D402,40.798993,8.845694,270.0,top
D801,6.810938,-52.54003,0.0,top
D1001,-8.653598,33.866295,180.0,top
D1101,6.560863,-61.059446,90.0,top
D1201,-31.358791,-52.021115,180.0,top
D1301,-22.825,-41.2,0.0,top
GL101,-29.06461,-28.056382,0.0,top
GL102,-21.599529,-35.348503,0.0,top
H101,36.5,50.0,0.0,top
H102,-37.5,50.0,270.0,top
H103,-37.5,-50.008915,0.0,top
H104,37.5,-50.0,270.0,top
J101,-0.24816,-62.692624,0.0,top
J102,47.104718,-8.770757,90.0,top
J103,-46.315008,-35.808269,270.0,top
J104,1.989738,7.036733,90.0,top
J105,-28.430545,39.896813,270.0,top
J106,19.36223,49.35169,90.0,top
J107,-10.368298,-63.865899,0.0,top
J108,46.459992,-16.76,90.0,top
J109,38.2864,30.29899,0.0,top
J110,38.2864,40.45899,180.0,top
J111,34.696527,30.29899,180.0,top
J112,34.696527,40.45899,0.0,top
J113,41.05,-31.0,270.0,top
J114,38.2864,36.624143,0.0,top
J115,46.652914,35.369684,90.0,top
J116,-45.149658,-21.143373,270.0,top
J403,29.559248,12.917067,0.0,top
J404,13.416551,8.903132,0.0,top
J501,1.989801,39.896615,270.0,top
J601,22.967605,-1.559257,270.0,top
J1001,-16.074545,38.548882,180.0,top
L301,-2.304712,-33.307235,180.0,top
L801,27.190628,-57.472382,0.0,top
L1101,7.956719,-56.580366,270.0,top
L1201,-32.911111,-58.507784,90.0,top
L1301,-22.136967,-43.894345,90.0,top
NT801,30.065628,-62.522382,90.0,top
NT1101,5.398438,-54.84003,90.0,top
NT1201,-23.680663,-60.910831,0.0,top
NT1301,-26.314991,-43.955619,180.0,top
NT1601,-8.958269,-58.828268,270.0,top
PCB101,-28.0,-31.9,0.0,top
Q101,0.309824,-52.692624,270.0,top
Q502,-3.967693,58.548525,270.0,top
Q503,-8.643608,58.598525,270.0,top
Q504,-12.555108,59.739672,0.0,top
Q1001,-11.882761,33.866295,90.0,top
R101,-4.822676,-54.642624,180.0,top
R102,-9.963742,-28.125688,90.0,top
R105,31.109992,-38.21,180.0,top
R106,32.114992,-25.935,90.0,top
R201,-11.351111,-28.713031,0.0,top
R202,-11.683611,-27.845531,90.0,top
R203,-28.453678,-49.051359,180.0,top
R204,-28.171178,-49.883859,270.0,top
R205,35.285199,-6.414271,90.0,top
R206,38.754353,-1.354702,90.0,top
R207,38.764353,0.255298,90.0,top
R208,31.115623,-1.371773,90.0,top
R209,31.115623,0.228227,90.0,top
R401,38.398993,9.395694,270.0,top
R402,38.40623,12.139113,270.0,top
R403,31.783248,11.554567,90.0,top
R404,33.428248,6.281941,180.0,top
R405,34.698248,16.829567,180.0,top
R406,27.572065,8.151309,180.0,top
R407,27.572065,15.151309,180.0,top
R408,25.412065,7.151309,180.0,top
R409,25.412065,16.151309,180.0,top
R410,11.904438,-7.382416,90.0,top
R411,12.116662,17.17464,270.0,top
R412,21.551311,9.741997,180.0,top
R413,21.551311,13.644247,180.0,top
R414,13.984201,3.651941,270.0,top
R415,13.107701,3.651941,270.0,top
R416,16.702589,1.23268,90.0,top
R417,15.802589,1.23268,90.0,top
R418,11.408325,1.27713,270.0,top
R507,-40.865503,-14.702515,90.0,top
R508,-15.736727,57.998568,0.0,top
R509,-23.400962,41.12387,0.0,top
R510,-23.226289,38.583605,180.0,top
R511,-3.633614,60.701926,0.0,top
R512,-3.655193,56.098525,180.0,top
R513,-6.655193,56.098525,0.0,top
R514,-3.655193,54.599259,0.0,top
R515,-6.655193,54.601141,180.0,top
R516,-3.655193,53.099259,180.0,top
R517,-6.655193,53.105339,0.0,top
R518,10.466348,44.212474,0.0,top
R519,9.09498,40.105227,90.0,top
R520,-14.486727,58.398568,270.0,top
R521,9.09498,38.405227,270.0,top
R522,-13.755108,61.789672,0.0,top
R523,-12.155108,61.789672,0.0,top
R601,20.31145,-8.690306,180.0,top
R602,22.761764,-9.573535,270.0,top
R603,21.144992,-7.234271,90.0,top
R701,4.089792,-29.807574,180.0,top
R702,4.089792,-28.807574,180.0,top
R703,4.089792,-26.807574,0.0,top
R704,4.089792,-27.807574,180.0,top
R705,11.309992,-35.833269,90.0,top
R706,9.207876,-34.133269,270.0,top
R707,10.759992,-27.883269,90.0,top
R708,8.357876,-34.133269,270.0,top
R709,10.059992,-34.133269,270.0,top
R801,12.850428,-53.175182,0.0,top
R802,12.865628,-52.322382,180.0,top
R803,11.370828,-55.099182,270.0,top
R804,11.777228,-53.937182,180.0,top
R805,11.370828,-60.077582,270.0,top
R806,10.608828,-58.509182,270.0,top
R807,12.465628,-62.217582,180.0,top
R808,11.065628,-53.122382,0.0,top
R809,7.998438,-51.04003,180.0,top
R810,8.865628,-54.322382,270.0,top
R811,11.396228,-57.321782,270.0,top
R1001,-21.428945,42.309182,270.0,top
R1002,-20.736145,42.309182,90.0,top
R1004,-21.357045,36.823882,0.0,top
R1005,-21.357045,37.423882,180.0,top
R1006,-20.057045,37.423882,0.0,top
R1007,-14.195261,33.216295,0.0,top
R1008,-6.540008,34.566731,270.0,top
R1009,-10.429948,35.583842,0.0,top
R1010,-13.833179,39.626682,90.0,top
R1011,-13.877518,41.44559,90.0,top
R1012,-13.877518,42.99559,90.0,top
R1013,-13.873847,37.237229,270.0,top
R1014,-13.873847,35.637229,270.0,top
R1101,6.234981,-58.720222,270.0,top
R1201,-22.368791,-59.303615,270.0,top
R1202,-27.468791,-58.571115,0.0,top
R1203,-26.958791,-57.021115,90.0,top
R1204,-25.536662,-48.477161,0.0,top
R1205,-23.158791,-55.021115,90.0,top
R1206,-25.858791,-51.221115,270.0,top
R1207,-26.258791,-52.421115,0.0,top
R1208,-26.708791,-51.221115,90.0,top
R1301,-26.136967,-46.794345,90.0,top
R1302,-26.549389,-40.894345,270.0,top
R1303,-25.05,-39.3,0.0,top
R1501,-17.722714,50.267177,0.0,top
R1502,-18.122714,55.667177,0.0,top
R1503,-9.46346,51.074671,0.0,top
R1504,-9.06346,45.674671,0.0,top
R1505,-20.842587,50.987024,270.0,top
R1601,-12.097068,-52.518331,270.0,top
R1602,-10.597068,-52.518331,270.0,top
R1603,-9.072221,-53.893331,0.0,top
R1604,-7.168298,-55.865899,180.0,top
SH401,46.863431,-4.584414,180.0,top
T101,22.393478,35.65119,225.0,top
T701,22.102452,-31.385,270.0,top
TH501,-6.770845,35.709482,180.0,top
TP101,-32.878538,-35.684237,0.0,top
TP102,-8.690011,3.191085,0.0,top
TP103,42.671055,28.493613,90.0,top
TP104,42.671055,42.268613,90.0,top
TP105,-37.540008,41.766731,0.0,top
TP106,-37.540008,34.081237,0.0,top
TP107,-30.0,-39.0,0.0,top
TP108,30.0,60.0,0.0,top
TP109,-18.835484,-55.93739,0.0,top
TP110,41.186961,2.2,0.0,top
TP111,33.552589,2.2,0.0,top
TP112,4.734647,-38.685522,0.0,top
TP113,-30.0,60.0,0.0,top
TP114,-25.0,-15.0,0.0,top
TP115,20.427605,2.2,90.0,top
TP116,3.859989,-8.54463,270.0,top
TP117,2.266149,-13.54463,270.0,top
TP118,6.278742,-17.808915,0.0,top
TP119,11.853742,-17.808915,180.0,top
TP201,-12.659227,-20.328131,0.0,top
TP1001,-19.034042,43.61421,0.0,top
TP1002,-16.778945,34.644482,0.0,top
TP1401,-23.190799,-25.21187,0.0,top
TP1402,-34.572973,-22.985584,0.0,top
TP1403,-28.02568,-22.491539,0.0,top
U101,10.653742,-15.370769,0.0,top
U201,41.244259,-0.824702,90.0,top
U202,33.609887,-0.846131,90.0,top
U301,-3.804559,-28.907108,270.0,top
U401,42.099443,16.896185,270.0,top
U402,34.933248,11.554567,0.0,top
U403,24.997065,11.651309,180.0,top
U404,14.868162,16.41464,180.0,top
U405,13.559201,0.536258,180.0,top
U501,10.465999,46.866007,90.0,top
U601,19.144992,-6.624271,180.0,top
U602,20.701274,-10.628985,270.0,top
U603,24.594992,-7.584271,270.0,top
U701,9.757958,-30.638765,0.0,top
U801,15.520628,-58.057382,0.0,top
U901,-3.804712,-37.530613,0.0,top
U1001,-20.049545,39.661382,180.0,top
U1002,-9.403945,39.726682,270.0,top
U1101,6.636718,-56.590365,90.0,top
U1201,-24.134113,-50.624169,0.0,top
U1202,-24.578791,-58.171115,0.0,top
U1301,-25.186967,-43.906845,180.0,top
U1501,-16.305587,52.887024,270.0,top
U1502,-10.880587,48.454824,90.0,top
U1601,-10.872221,-57.018458,0.0,top
